global_epoch,stage_name,stage_epoch,train_loss,val_loss,precision,recall,specificity,f1,roc_auc,lr,elapsed_sec
1,head_only,1,3.3187337757705095,3.23219305735368,0.005524741232475871,0.03571428571428571,0.9642857142857143,0.009569197019554446,0.0,3.3333333333333335e-05,4.515449285507202
2,head_only,2,2.9065286323621677,2.807419946560493,0.005524741232475871,0.03571428571428571,0.9642857142857143,0.009569197019554446,0.0,6.666666666666667e-05,5.191039562225342
3,head_only,3,2.73058008528375,2.6501427246974063,0.02792425373903353,0.06391474129595236,0.9686298186622627,0.03617823713177289,0.0,0.0001,4.04436731338501
4,head_only,4,2.5550844313262346,2.476366428228525,0.05611672407395565,0.09279710998500193,0.9712793572509636,0.06541821423154835,0.0,9.896907216494846e-05,4.975640535354614
5,head_only,5,2.436251917442718,2.3918756521665134,0.05972078244772429,0.10300570873514114,0.9722375351988425,0.07205589200465463,0.0,9.793814432989691e-05,3.9158363342285156
6,head_only,6,2.3784545536165114,2.348594688452207,0.06672616637357139,0.11273077050363149,0.9730585770400787,0.08093806479967833,0.0,9.690721649484537e-05,4.935454845428467
7,head_only,7,2.3164077246343933,2.2577608548677883,0.08692229879084053,0.12983810411494595,0.9742502217902647,0.09850046420649737,0.0,9.587628865979382e-05,3.9814064502716064
8,head_only,8,2.159594005578524,2.0542557193682742,0.13036301256129906,0.16926814023400086,0.9771015630715845,0.1428352264624198,0.0,9.484536082474227e-05,4.995830774307251
9,head_only,9,1.9896989224793076,1.92624215896313,0.14644327373986082,0.1870711204614013,0.9783988473865417,0.15771712743670596,0.0,9.381443298969073e-05,3.9137825965881348
10,head_only,10,1.8716501353623032,1.8084850311279297,0.16426718424016137,0.2062556450787412,0.9797293057312361,0.1775789630484665,0.0,9.278350515463918e-05,4.925161838531494
11,head_only,11,1.7762360859226871,1.7537352763689482,0.20137116194810165,0.21546566500049466,0.9802882986467735,0.18677596047913866,0.0,9.175257731958763e-05,3.9564497470855713
12,head_only,12,1.7161892157096368,1.6731578272122603,0.24030336614201064,0.23018922429040337,0.9808642579739459,0.21021795017411854,0.0,9.072164948453609e-05,4.021653175354004
13,head_only,13,1.657872503454035,1.6203655233749976,0.2626246027785589,0.2460534378316145,0.9813424506558801,0.22967510621356463,0.0,8.969072164948454e-05,4.06234335899353
14,head_only,14,1.6000407523923106,1.573798071879607,0.2701024582196177,0.2612651024106239,0.9819454901309231,0.24837076137380948,0.0,8.865979381443299e-05,5.029153108596802
15,head_only,15,1.562861992167188,1.5387952488202314,0.3306503192185463,0.26934652695408434,0.9821379417241227,0.25877097848662883,0.0,8.762886597938145e-05,3.925750732421875
16,head_only,16,1.5261855860809228,1.5115187695393195,0.3515447076232044,0.27264718157608975,0.9825531940718714,0.26402487421987225,0.0,8.65979381443299e-05,4.006393909454346
17,head_only,17,1.4956775516658634,1.485348302584428,0.37207127172252286,0.28640590016928164,0.9828680018651347,0.2800771627623379,0.0,8.556701030927835e-05,4.9588658809661865
18,head_only,18,1.4706335284493186,1.4626352454607303,0.40121132551929584,0.2965532279840131,0.9831236278805624,0.2935803689453413,0.0,8.453608247422681e-05,4.0323710441589355
19,head_only,19,1.44140557499675,1.4499427435489802,0.3923737822004156,0.30361753332578906,0.9832251236056377,0.30701218383572276,0.0,8.350515463917527e-05,3.9308013916015625
20,head_only,20,1.4226897606601963,1.42280078965884,0.37687750185384056,0.3199673494542457,0.9837709615220943,0.32026526221414053,0.0,8.247422680412371e-05,3.912785053253174
21,head_only,21,1.3970864562245158,1.4031326140348728,0.3811895162276001,0.3131689704769464,0.983808159912278,0.3173983760607641,0.0,8.144329896907217e-05,4.92462420463562
22,head_only,22,1.3797335655658276,1.386991106546842,0.3749807745743362,0.32751880844120035,0.984053721464733,0.33104706484218704,0.0,8.041237113402063e-05,4.053873300552368
23,head_only,23,1.3594664675848824,1.3703583713907461,0.39804386402722336,0.3319090046830163,0.9842366915602693,0.3390635582953867,0.0,7.938144329896907e-05,3.934173107147217
24,head_only,24,1.3351773596429206,1.3515442850498052,0.3875197784357635,0.3431868453359375,0.9844172031903328,0.3452015238245925,0.0,7.835051546391753e-05,4.909379720687866
25,head_only,25,1.3237007190654804,1.3309284035976117,0.3953976090117128,0.3467399211351016,0.9846701113924771,0.3504120387234225,0.0,7.731958762886599e-05,4.039382696151733
26,head_only,26,1.307238763028925,1.3203885085307634,0.40393988851542917,0.34071615926573534,0.9846829912986603,0.34731323928833635,0.0,7.628865979381443e-05,3.9212071895599365
27,head_only,27,1.2918738846655016,1.3167458629378905,0.4016787523918276,0.34298062554331804,0.9847462209093144,0.34781787830853894,0.0,7.525773195876289e-05,4.945807456970215
28,head_only,28,1.2791270764617177,1.3065707941467946,0.4066528234648508,0.35431624018783797,0.9849487295458677,0.35826318685013264,0.0,7.422680412371135e-05,3.9118340015411377
29,head_only,29,1.267084941848532,1.3012460418618643,0.44318260356960515,0.3669667907705593,0.9849667811040784,0.3758356870009863,0.0,7.319587628865979e-05,4.979175806045532
30,head_only,30,1.260070562362671,1.2870392988507564,0.46724288805102787,0.37008046047191695,0.9852033498980232,0.38027035234139345,0.0,7.216494845360825e-05,3.9127988815307617
31,head_only,31,1.2513391665824047,1.2852730435820727,0.47517317291619765,0.36856225429070566,0.9851697402184454,0.3818699319169148,0.0,7.113402061855671e-05,3.9093685150146484
32,head_only,32,1.237701190756513,1.281280792103364,0.43788221043518444,0.36769403839599984,0.9851704518406521,0.38134697490807445,0.0,7.010309278350515e-05,3.9287936687469482
33,head_only,33,1.2270734987475655,1.272217672604781,0.47786883363000315,0.37585558246889217,0.9854889450152257,0.3877448142830239,0.0,6.907216494845361e-05,4.940319776535034
34,head_only,34,1.2187992752372445,1.2796502646345358,0.45356918572493266,0.3702402913968048,0.985206135321509,0.38859622055700405,0.0,6.804123711340207e-05,3.894530773162842
35,head_only,35,1.2169476135984643,1.258741509455901,0.4734673324198894,0.384254384192172,0.9855850849196053,0.39668791604354176,0.0,6.701030927835051e-05,3.9048492908477783
36,head_only,36,1.2016906328015513,1.2654880984471395,0.45426565997842644,0.38063847703935333,0.9853926749562473,0.3949188437106769,0.0,6.597938144329897e-05,4.932709217071533
37,head_only,37,1.1983097687170103,1.2533340694812627,0.4804938576450501,0.3844164120028842,0.9856607260202291,0.39927941239972975,0.0,6.494845360824743e-05,3.9205524921417236
38,head_only,38,1.185824678702788,1.250068222100918,0.4573444116570728,0.3949593548170274,0.9858464669464373,0.40891967613252433,0.0,6.391752577319587e-05,3.921036958694458
39,head_only,39,1.1798673593378686,1.245912539271208,0.45910280490336824,0.389763976555265,0.985958175208344,0.3994688736815634,0.0,6.288659793814433e-05,4.296020269393921
40,head_only,40,1.175762619291033,1.2368464297973192,0.48753935864375103,0.40206325277384153,0.9859946930091212,0.4210560137433437,0.0,6.185567010309279e-05,3.9267377853393555
41,head_only,41,1.1676495574511492,1.2339026257395744,0.4807215890309811,0.3999259737836264,0.9860986627280958,0.4162479003070846,0.0,6.0824742268041234e-05,4.900757789611816
42,head_only,42,1.159361465797796,1.235407135807551,0.4900681039711331,0.40443455910303555,0.9861712757452412,0.424174855428847,0.0,5.979381443298969e-05,3.8737480640411377
43,head_only,43,1.1518371170991426,1.2277708609516804,0.48063762332364274,0.40025061703943476,0.9860793250981743,0.41543105510459705,0.0,5.876288659793815e-05,3.8299572467803955
44,head_only,44,1.144659449140747,1.224408215055099,0.47994617894235103,0.4065421313778299,0.9861654649865622,0.4246765782508959,0.0,5.7731958762886594e-05,4.859793186187744
45,head_only,45,1.1426148673930725,1.2251967564225197,0.4981953520291859,0.40629536723275167,0.9862405323347597,0.4261896148666085,0.0,5.670103092783505e-05,3.87787127494812
46,head_only,46,1.1350498992901343,1.2162750690029218,0.4852050436456396,0.41005946336253324,0.9863846592077932,0.42906366596795537,0.0,5.567010309278351e-05,4.879553556442261
47,head_only,47,1.1294386917120451,1.2128831887474427,0.48790137907489495,0.4058916711761733,0.9862223020315577,0.42556411765199975,0.0,5.4639175257731955e-05,3.9692583084106445
48,head_only,48,1.1216850218834815,1.2124218659905286,0.4788561977991816,0.4131400948868576,0.9863752477543283,0.4290848382000894,0.0,5.360824742268041e-05,4.883571624755859
49,head_only,49,1.1188570303576333,1.2088122780506427,0.4858484638689342,0.4128041155464109,0.98639043244483,0.43213472680935977,0.0,5.257731958762887e-05,3.90596342086792
50,head_only,50,1.1082696732762571,1.2044462280777783,0.4722225526531082,0.4113970839684774,0.9863375540943059,0.42620375832299195,0.0,5.1546391752577315e-05,3.918159246444702
51,head_only,51,1.106071907204467,1.2009929527456944,0.47389430118520126,0.4127392234854154,0.9864557864531805,0.4279226742187188,0.0,5.051546391752577e-05,4.929589509963989
52,head_only,52,1.1010136882980148,1.201403989814795,0.4842066011661621,0.41082325370147377,0.9863084549967966,0.4277429389533391,0.0,4.948453608247423e-05,3.919419050216675
53,head_only,53,1.095871019673038,1.1962324845103116,0.4877978845033824,0.4193288555314441,0.9864889728436392,0.43794243974117447,0.0,4.845360824742268e-05,3.9120891094207764
54,head_only,54,1.089857984672893,1.195499106668509,0.4916787875460607,0.4223114667643215,0.986637689501185,0.44103043205432996,0.0,4.7422680412371134e-05,4.935685873031616
55,head_only,55,1.0890715551840795,1.1916272691809213,0.47865527327662827,0.42962735124576384,0.9867854257911309,0.44321121908129774,0.0,4.639175257731959e-05,4.910959959030151
56,head_only,56,1.08035910361773,1.193937354362928,0.4899188450303789,0.42002107194648736,0.9865782024083224,0.4366685100494735,0.0,4.536082474226804e-05,3.9192068576812744
57,head_only,57,1.084035167059341,1.1876450507686689,0.49998548486861116,0.4243150780907463,0.9866958058179583,0.44465944431728227,0.0,4.4329896907216494e-05,4.884603500366211
58,head_only,58,1.0731664814732291,1.1843714192509651,0.492122073576941,0.4267038551869201,0.9868086583402479,0.44522345355336646,0.0,4.329896907216495e-05,3.8787424564361572
59,head_only,59,1.0729956932656177,1.1835746851104956,0.49931016856935784,0.42427978500987684,0.9867688865506843,0.4439554785521161,0.0,4.2268041237113404e-05,3.848529100418091
60,head_only,60,1.0735595268862588,1.1806836603925779,0.49368657866333315,0.4325175883880598,0.986810619673945,0.45111725293010024,0.0,4.1237113402061855e-05,4.837901830673218
61,head_only,61,1.0659008409295763,1.1796785111610706,0.49256137874371275,0.42763756090284716,0.9867340365441156,0.4454875520893376,0.0,4.020618556701031e-05,3.891812324523926
62,head_only,62,1.0601819788480733,1.1767392708705022,0.4934677226264662,0.43294012241770974,0.986843959476638,0.45027711047156077,0.0,3.9175257731958764e-05,4.904683828353882
63,head_only,63,1.0587175562010183,1.1762974537335908,0.4886111767985694,0.4296896372176543,0.9866645576755045,0.44665664833766805,0.0,3.8144329896907216e-05,3.9379842281341553
64,head_only,64,1.0567101696868995,1.1734855415729375,0.48580073590584183,0.43212745609810266,0.9868439523293225,0.448162311703077,0.0,3.7113402061855674e-05,4.912829637527466
65,head_only,65,1.052503466219097,1.1717006432322354,0.4917636258923429,0.43277161285267934,0.9869224157431313,0.45044114528033946,0.0,3.6082474226804125e-05,3.95737886428833
66,head_only,66,1.0450341686025841,1.1720114189844866,0.5021769418921687,0.4328429659112266,0.9868825478989819,0.4526353459461444,0.0,3.5051546391752576e-05,4.906636714935303
67,head_only,67,1.044003754080116,1.1691756088000078,0.4843905072388788,0.43052939719188305,0.9868239088422271,0.446375334228212,0.0,3.4020618556701034e-05,3.8737545013427734
68,head_only,68,1.0444043042597833,1.1687877550721169,0.5029011156488286,0.43519083658049545,0.9869049429931163,0.45260203784352254,0.0,3.2989690721649485e-05,4.793621063232422
69,head_only,69,1.0417493024429718,1.1674103880157838,0.488168194447273,0.4384858221178388,0.9869022751056049,0.4538161997692021,0.0,3.1958762886597937e-05,3.8619678020477295
70,head_only,70,1.0382094750930737,1.1658448319022472,0.48067636419893484,0.43264744248859704,0.98680533072549,0.4468532581898054,0.0,3.0927835051546395e-05,3.8160691261291504
71,head_only,71,1.0357019792903552,1.166236730149159,0.49427865647453934,0.4340348584747483,0.9868554817923959,0.4515745282787095,0.0,2.9896907216494846e-05,4.865053415298462
72,head_only,72,1.031664343623372,1.1669852647643824,0.4957792397872369,0.433356197876809,0.986907867065395,0.4486894684973941,0.0,2.8865979381443297e-05,3.8981008529663086
73,head_only,73,1.0274168465818678,1.166034564948999,0.4840642849652962,0.43770163123574685,0.9868793958992498,0.4508924398199879,0.0,2.7835051546391755e-05,4.930207014083862
74,head_only,74,1.0273493640608602,1.1621515991596074,0.5122915764053427,0.4410618027645401,0.986994923918478,0.45970019950299246,0.0,2.6804123711340206e-05,3.9357802867889404
75,head_only,75,1.0275149028022568,1.161698621052962,0.4943102385160313,0.44190778034786465,0.9869834545237719,0.4578746262163749,0.0,2.5773195876288658e-05,4.9120824337005615
76,head_only,76,1.022126992027481,1.165211911384876,0.5022697706027458,0.4415969498986375,0.9868685068144732,0.4574164152341938,0.0,2.4742268041237116e-05,3.973006010055542
77,head_only,77,1.0154519665550876,1.1652368587943225,0.48817431233088665,0.4335390555997386,0.9868747548774174,0.4477991831884718,0.0,2.3711340206185567e-05,4.906563997268677
78,head_only,78,1.0203620861103009,1.1603562063895738,0.5125559343233045,0.4382263807012947,0.9869233632121152,0.45814311077663483,0.0,2.268041237113402e-05,3.9110283851623535
79,head_only,79,1.0207623080773787,1.1581399205785532,0.5104200501803576,0.44396566068703136,0.986924069144378,0.46189115036116907,0.0,2.1649484536082476e-05,4.930693626403809
80,head_only,80,1.0141444163663047,1.1586965076052225,0.5091266529621208,0.444058759091932,0.9868761206911796,0.4621689884443797,0.0,2.0618556701030927e-05,3.950052499771118
81,head_only,81,1.0177632825715202,1.1591697432673895,0.5149607199709211,0.4433883680476027,0.9869003880456779,0.4625638112686366,0.0,1.9587628865979382e-05,4.935049295425415
82,head_only,82,1.005956088567709,1.1562465629898584,0.518588726031551,0.4441640682628674,0.9869879677109242,0.46514035019955474,0.0,1.8556701030927837e-05,3.9372875690460205
83,head_only,83,1.0092535324684986,1.1571658316713114,0.5216889013418158,0.4435505495911046,0.9869396666686904,0.46550204512797283,0.0,1.7525773195876288e-05,4.957457542419434
84,head_only,84,1.0116639973281265,1.1555178176898222,0.5062307364602908,0.4447548387348347,0.986967249909073,0.46272248426870083,0.0,1.6494845360824743e-05,4.93967866897583
85,head_only,85,1.0093142583772734,1.1548668203445582,0.5111016369468265,0.44774325162001594,0.9868883732912204,0.4666933983637903,0.0,1.5463917525773197e-05,3.9346389770507812
86,head_only,86,1.0008548405263331,1.1538066428441267,0.5053688111869293,0.4443369744116786,0.9868366353963145,0.46265737388006994,0.0,1.4432989690721649e-05,3.916090250015259
87,head_only,87,1.0078666508197784,1.1530073118897586,0.514425514598325,0.4467024247957615,0.9869537438467451,0.46503049486826936,0.0,1.3402061855670103e-05,4.937468767166138
88,head_only,88,1.0028031723839896,1.1535597856228168,0.5186575570657591,0.4459219901746433,0.9869108189913947,0.46647959953586005,0.0,1.2371134020618558e-05,3.9198920726776123
89,head_only,89,0.9986077291624886,1.1533432837862234,0.5114126739560724,0.4488382961798919,0.9869669227546549,0.46721049417466887,0.0,1.134020618556701e-05,4.914329767227173
90,head_only,90,0.999090989301731,1.153005637228489,0.5099048904131744,0.4465090479990967,0.9869621437082473,0.46527145508572904,0.0,1.0309278350515464e-05,4.954966068267822
91,head_only,91,1.0021678828573846,1.1515789244037409,0.5177375328783916,0.4492323310302293,0.987011426592139,0.46800723146596407,0.0,9.278350515463918e-06,3.927083730697632
92,head_only,92,0.998751056271714,1.1512263107758303,0.5125319634865974,0.44715891421723236,0.9869979190007102,0.4652604979652706,0.0,8.247422680412371e-06,4.908332586288452
93,head_only,93,0.9962045666459319,1.1520613059401512,0.5093375878065671,0.44825504765249563,0.9869662344670918,0.46613847132896424,0.0,7.216494845360824e-06,3.930448293685913
94,head_only,94,0.9976456424632629,1.1513305965524454,0.5172482949014215,0.44680238611910833,0.9869297091659215,0.46635793513903107,0.0,6.185567010309279e-06,4.953669309616089
95,head_only,95,0.9984827471243871,1.1507759879414852,0.5130049614868214,0.4467688943510844,0.9869681279317112,0.46536458790168134,0.0,5.154639175257732e-06,3.9361467361450195
96,head_only,96,0.9942725064692559,1.1510870577051089,0.5056049183348045,0.44594614119467063,0.9869654122505223,0.46370804162361134,0.0,4.123711340206186e-06,4.922915697097778
97,head_only,97,0.9979863445480148,1.1510405718134,0.505419946610097,0.44586191386123775,0.9869314751672046,0.46341808927575573,0.0,3.0927835051546395e-06,3.948956251144409
98,head_only,98,0.9914719079221997,1.1509910042469318,0.5060678180998063,0.44490432983036415,0.9869024125854116,0.4631541971148981,0.0,2.061855670103093e-06,4.912031650543213
99,head_only,99,0.9970733341458556,1.1508850140067248,0.5058126251316115,0.4464162208874177,0.9869289457984455,0.46435980498339946,0.0,1.0309278350515464e-06,3.925929546356201
100,head_only,100,0.9911037660264349,1.1508861791629057,0.5068479838798072,0.44721671943446983,0.986930048170999,0.46529474222630324,0.0,0.0,4.9042909145355225
101,pooler,1,0.993631252994785,1.1571839360090403,0.5158171950629,0.4536314858232227,0.9869882698834049,0.4711743894727776,0.0,1.6666666666666667e-05,5.326237440109253
102,pooler,2,0.9904283815390104,1.138690489415939,0.5187531353815922,0.4634989615364312,0.9871471123981584,0.48151439406021657,0.0,3.3333333333333335e-05,4.303697824478149
103,pooler,3,0.9632991296904427,1.124188204224293,0.523388452873893,0.47999500325940486,0.9876306364232782,0.49130946268028125,0.0,5e-05,5.293201446533203
104,pooler,4,0.9278075195752181,1.1322227074549749,0.5487427154656995,0.4730692374776,0.9873867996872802,0.49707828607769444,0.0,4.948453608247423e-05,4.344327926635742
105,pooler,5,0.8807761746567565,1.0909034185684645,0.5403384897944109,0.4923257471631201,0.9878450221250962,0.5059864695710884,0.0,4.8969072164948454e-05,5.296568393707275
106,pooler,6,0.8382192989448448,1.098538638307498,0.5582428654055128,0.4906715669742585,0.98782164076526,0.5076970154490766,0.0,4.845360824742268e-05,4.317582130432129
107,pooler,7,0.7968072121019487,1.108263901506479,0.5573463206928422,0.49266946639908,0.9879072038384592,0.5141597742473453,0.0,4.793814432989691e-05,5.3176093101501465
108,pooler,8,0.753366106516355,1.0996646674779744,0.5364247901412079,0.4886808053045762,0.9878545804882687,0.5032099801906934,0.0,4.7422680412371134e-05,5.274565935134888
109,pooler,9,0.7190509784918326,1.1337461735193546,0.5591134295759924,0.4982334481223744,0.9879356524142262,0.518739972078167,0.0,4.690721649484536e-05,4.316896677017212
110,pooler,10,0.6798007819172623,1.11328964938338,0.5553842814502522,0.5027390935308051,0.988031763678264,0.5218666692435673,0.0,4.639175257731959e-05,5.314464092254639
111,pooler,11,0.6300150891403099,1.156881286834295,0.5646811579065384,0.5191044476980984,0.9881319837808361,0.5342602375354801,0.0,4.5876288659793814e-05,5.287718057632446
112,pooler,12,0.5906470870816862,1.1798487133704698,0.6218132415005417,0.5154053210954535,0.9881654021044355,0.5366181601005081,0.0,4.536082474226804e-05,4.329204082489014
113,pooler,13,0.5498148557040599,1.2151874358264299,0.5635008476169405,0.5089273878327445,0.9878231045765178,0.5205127517950433,0.0,4.484536082474227e-05,5.315755367279053
114,pooler,14,0.5149789795085982,1.2719038885373335,0.5866705528361491,0.5086594217458626,0.9878795448356072,0.5268071260312578,0.0,4.4329896907216494e-05,4.318586826324463
115,pooler,15,0.4754925435046097,1.2940457681050668,0.5731406771990368,0.5197863374225763,0.987996306174077,0.536129557507205,0.0,4.3814432989690723e-05,5.285986661911011
116,pooler,16,0.4370740901727181,1.3558676947767918,0.5690700218984267,0.5313907597847122,0.9881467162226013,0.5420242084380391,0.0,4.329896907216495e-05,5.295655965805054
117,pooler,17,0.40058104258466076,1.4253206287439053,0.5561561156245076,0.5273869031507091,0.9877918067334938,0.5372752101108735,0.0,4.2783505154639175e-05,4.35805869102478
118,pooler,18,0.3679803542115472,1.4783192660946112,0.5698752126055422,0.5272664234820059,0.9878375620269911,0.5418529609521775,0.0,4.2268041237113404e-05,5.295007944107056
119,pooler,19,0.33482773331078614,1.5664816899941518,0.5817987602840978,0.5236425453545576,0.9878286639371016,0.5419642211995558,0.0,4.175257731958763e-05,5.295431852340698
120,pooler,20,0.30463026212407396,1.6143029962594693,0.5652338782868616,0.5267285990564778,0.9876049749356618,0.5396591425559881,0.0,4.1237113402061855e-05,4.3290324211120605
121,pooler,21,0.27495926797583503,1.7328712814129317,0.5763096810329821,0.5113812846539111,0.9876059034947168,0.5327798406892366,0.0,4.0721649484536084e-05,5.321452856063843
122,pooler,22,0.24323194483657937,1.8407197342469142,0.5667239133869654,0.524313802984115,0.9877608200107212,0.5385159380680574,0.0,4.020618556701031e-05,4.295198202133179
123,pooler,23,0.22461747281350097,1.8963072448968887,0.5436301963001278,0.5195172750109839,0.9874047885832736,0.5286135654253414,0.0,3.9690721649484535e-05,5.3338782787323
124,pooler,24,0.20320980001676392,2.0010154797480655,0.5656536416381776,0.514766512580375,0.9875490730441173,0.528519364565099,0.0,3.9175257731958764e-05,4.32056450843811
125,pooler,25,0.1794507322083046,2.1705357145804625,0.5353308466806975,0.5027720254679829,0.9869698457706788,0.5113226961899137,0.0,3.865979381443299e-05,5.2827746868133545
126,pooler,26,0.15930810460651462,2.234882937027858,0.5488961829426118,0.5240366648887854,0.987180021768158,0.5333236639433103,0.0,3.8144329896907216e-05,5.037900924682617
127,pooler_plus_last1,1,0.1300369549252383,2.276090517640114,0.5518032610449085,0.5085602989658841,0.9872990931588798,0.522148074996107,0.0,1.6666666666666667e-05,4.337935924530029
128,pooler_plus_last1,2,0.12645094471608664,2.3811361411443124,0.5431552560984112,0.5176717457584855,0.9871018921902206,0.5249459693652182,0.0,3.3333333333333335e-05,5.2742414474487305
129,pooler_plus_last1,3,0.132460877940349,2.4467111378908157,0.5405089970568907,0.5073217704547837,0.9870249542548962,0.5173724394092517,0.0,5e-05,5.292375087738037
130,pooler_plus_last1,4,0.1320544175271477,2.649468706204341,0.5351474818591353,0.4992332405161883,0.9870563887105133,0.5100461195173868,0.0,4.893617021276596e-05,4.33708930015564
131,pooler_plus_last1,5,0.11756171319972385,2.711788473220972,0.5410893541563657,0.49347247461779936,0.9871633223878282,0.5043460378698936,0.0,4.787234042553192e-05,5.304058790206909
132,pooler_plus_last1,6,0.10669142352538062,2.7902018221525045,0.5358920126221661,0.5046412813452505,0.9869873747195174,0.5135598492533903,0.0,4.680851063829788e-05,4.321273565292358
133,pooler_plus_last1,7,0.09719977013815145,2.8773026993641486,0.5547838830946094,0.5124678511757589,0.9871351435150096,0.525474133719167,0.0,4.574468085106383e-05,5.346608877182007
134,pooler_plus_last1,8,0.0811590508545761,3.0951380729675293,0.5609332443209797,0.5123152529142349,0.9870955459250836,0.5258303982989052,0.0,4.468085106382979e-05,4.307929515838623
135,pooler_plus_last1,9,0.07051653687709145,3.0533903378706713,0.5318281724236795,0.5154590986388212,0.9870059434300641,0.5199542112762641,0.0,4.3617021276595746e-05,5.2863099575042725
136,pooler_plus_last1,10,0.06790011124564456,3.2931402577803683,0.5393299619662195,0.5044933312505399,0.9867916057038065,0.5126954942009878,0.0,4.2553191489361704e-05,5.324078321456909
137,pooler_plus_last2,1,0.05153783994980834,3.277113969509418,0.5309677310844985,0.5009710603053011,0.9870956048071139,0.509083029333626,0.0,1.6666666666666667e-05,4.72789740562439
138,pooler_plus_last2,2,0.04849481071926073,3.4657071141096263,0.5430379067065603,0.5081270972214206,0.9872053628973732,0.5178963730445372,0.0,3.3333333333333335e-05,5.697096347808838
139,pooler_plus_last2,3,0.06411030441038794,3.4393088725896983,0.5258055274779774,0.5085266114229399,0.9869335681946011,0.5126986514298073,0.0,5e-05,5.746391296386719
140,pooler_plus_last2,4,0.0637585854296899,3.6301975639966817,0.531379999965234,0.5054448173931184,0.9870382502212639,0.5124672378164545,0.0,4.893617021276596e-05,4.711359024047852
141,pooler_plus_last2,5,0.062342907782861744,3.624417249973004,0.5137188330595034,0.4968412202176157,0.9867984031959364,0.4998798738232713,0.0,4.787234042553192e-05,5.6969263553619385
142,pooler_plus_last2,6,0.05603920007064068,3.7030506913478556,0.5347634561779869,0.5128673667461254,0.9869176749387066,0.5196961916791313,0.0,4.680851063829788e-05,5.73901891708374
143,pooler_plus_last2,7,0.053725109396308854,3.9821498577411356,0.5351344045189494,0.49936730477197855,0.9870753569878353,0.5101754741062714,0.0,4.574468085106383e-05,4.703632593154907
144,pooler_plus_last2,8,0.0412954124259194,4.018217274775872,0.5150786670425153,0.4968900217644118,0.9865689852394907,0.5002716878300366,0.0,4.468085106382979e-05,5.709935426712036
145,pooler_plus_last2,9,0.04048978143455551,4.084732768627314,0.5468396540870706,0.5011878353756015,0.9871183408544445,0.5136397086786324,0.0,4.3617021276595746e-05,5.753264427185059
146,pooler_plus_last2,10,0.03683349360672564,4.215764254331589,0.5445677201505542,0.5177530409169833,0.9871400569105584,0.5228003058917566,0.0,4.2553191489361704e-05,5.688070297241211
147,pooler_plus_last3,1,0.023470684228307725,4.114545329258992,0.5486864592419568,0.5173960890153253,0.9871268430411527,0.525815580879049,0.0,1.6666666666666667e-05,5.130356311798096
148,pooler_plus_last3,2,0.02487811706801453,4.425439868982021,0.5281428220416333,0.503352476306777,0.9869193891240523,0.5087296232978502,0.0,3.3333333333333335e-05,6.163745880126953
149,pooler_plus_last3,3,0.04579430758838191,4.647459263984974,0.5353105126326249,0.5037779283521695,0.9870076191610675,0.5117760817145756,0.0,5e-05,6.122726202011108
150,pooler_plus_last3,4,0.06259593064518791,4.291411645137346,0.5205466235452526,0.5214704234059374,0.9872156965317875,0.5173023535062818,0.0,4.893617021276596e-05,5.138730764389038
151,pooler_plus_last3,5,0.059883104130027016,4.504240581622491,0.5300316560425512,0.5029585800338137,0.9868187461629417,0.5097508254209664,0.0,4.787234042553192e-05,6.150668144226074
152,pooler_plus_last3,6,0.05322451221260738,4.198642052136934,0.536418382448978,0.5128116650802302,0.9872611876808126,0.5184872414976857,0.0,4.680851063829788e-05,6.116650819778442
153,pooler_plus_last3,7,0.052544480775159406,4.220961258961604,0.5301262722096104,0.5259237266686143,0.9872308899601262,0.5252445770550767,0.0,4.574468085106383e-05,6.133896350860596
154,pooler_plus_last3,8,0.039110946862855565,4.389173347216386,0.544342251577142,0.5187410865143448,0.9871904485917965,0.5263763663323314,0.0,4.468085106382979e-05,5.1268839836120605
155,pooler_plus_last3,9,0.04127010748972632,4.353645824469053,0.5305042024028795,0.522552755276134,0.9873041584029775,0.5211101097445353,0.0,4.3617021276595746e-05,6.135367393493652
156,pooler_plus_last3,10,0.02978538128686464,4.640908456765688,0.5342149374103241,0.4950883621109681,0.9870702862434461,0.5047365235718416,0.0,4.2553191489361704e-05,6.157915115356445
157,pooler_plus_last4,1,0.021904336834551657,4.610699644455543,0.5500805604363805,0.5236537443945394,0.9874510199050103,0.5306702890794618,0.0,1.6666666666666667e-05,5.5432469844818115
158,pooler_plus_last4,2,0.02292368107160868,4.558390965828528,0.5491248070612975,0.5017002720788739,0.9874167473170452,0.5154087524403388,0.0,3.3333333333333335e-05,6.525546550750732
159,pooler_plus_last4,3,0.037250306207063766,4.76474543259694,0.5346741569909529,0.5298559029469532,0.9871643531433627,0.5299417519314547,0.0,5e-05,6.517218828201294
160,pooler_plus_last4,4,0.06594542918504555,4.683743089437485,0.5517375243052384,0.5118114827630453,0.9870261671942211,0.5234633537863096,0.0,4.893617021276596e-05,6.491584539413452
161,pooler_plus_last4,5,0.05839516496343532,4.48648320711576,0.5364526281314507,0.5083169028240805,0.9871775281396623,0.5162033403107397,0.0,4.787234042553192e-05,6.544959306716919
162,pooler_plus_last4,6,0.061222130517579625,4.526921304372641,0.5568224596670287,0.5246469004681852,0.9872667543390111,0.5354017166570699,0.0,4.680851063829788e-05,5.5461835861206055
163,pooler_plus_last4,7,0.04538707436019307,4.588742029208404,0.5577988451663047,0.5230272853665446,0.9873547754266127,0.5354392073087407,0.0,4.574468085106383e-05,6.497125148773193
164,pooler_plus_last4,8,0.036842191997422634,4.639108087007816,0.5607673000792344,0.5205197221419142,0.9875128365781857,0.5338725255429588,0.0,4.468085106382979e-05,6.567765474319458
165,pooler_plus_last4,9,0.030057009100464594,4.721484358494099,0.5525374383614569,0.5271114688780478,0.9872883405932777,0.5354581395708796,0.0,4.3617021276595746e-05,6.4998393058776855
166,pooler_plus_last4,10,0.028967692833201046,4.774292219143647,0.5556043477051716,0.5283726424510885,0.9877108947947554,0.5377197490856948,0.0,4.2553191489361704e-05,6.525502443313599
167,pooler_plus_last5,1,0.014612831648642518,4.8315898546805744,0.57270286948211,0.5355596873508676,0.9877635455948931,0.5465290280619494,0.0,1.6666666666666667e-05,5.931338548660278
168,pooler_plus_last5,2,0.013778382784854425,4.705062705736894,0.5580891098092945,0.5278830506889446,0.9874713288925424,0.5376512450049055,0.0,3.3333333333333335e-05,6.8963093757629395
169,pooler_plus_last5,3,0.02919602082371742,4.745790481567383,0.5455698920595099,0.5317009135663979,0.9876982966120765,0.5353844374007144,0.0,5e-05,6.926855564117432
170,pooler_plus_last5,4,0.05043759562854516,4.750687771118605,0.5365975071317642,0.522218717173106,0.9872352395169152,0.5252553799674009,0.0,4.893617021276596e-05,6.928696393966675
171,pooler_plus_last5,5,0.05379195893357218,4.550537724907581,0.5562351697518262,0.5169011935413722,0.9875047331881318,0.5293535239677843,0.0,4.787234042553192e-05,6.915149688720703
172,pooler_plus_last5,6,0.04504167657177714,4.697371809528424,0.5352016788776602,0.5255015805000538,0.9875921858975077,0.525351817409803,0.0,4.680851063829788e-05,6.88548469543457
173,pooler_plus_last5,7,0.02780770997234466,4.846191041744673,0.5510934893681652,0.5262745173862104,0.987640508611906,0.5348606969756986,0.0,4.574468085106383e-05,6.948879241943359
174,pooler_plus_last5,8,0.032961574511495936,4.645235341328841,0.5369591937625876,0.5155562094885244,0.9878085370316139,0.5226344811501841,0.0,4.468085106382979e-05,5.933310508728027
175,pooler_plus_last5,9,0.02850652127854827,4.890747230786544,0.5561168925425848,0.5240319895388844,0.9878581413022284,0.5328795742537409,0.0,4.3617021276595746e-05,6.907759428024292
176,pooler_plus_last5,10,0.023571802679442328,4.981084855703207,0.5447768733408876,0.5300425459414986,0.9875325934076633,0.5350170225678527,0.0,4.2553191489361704e-05,6.894871711730957
177,pooler_plus_last5,11,0.023636598163246564,4.793587572299517,0.5247374741112564,0.5161189461161363,0.9874883231279262,0.5165118889285497,0.0,4.148936170212766e-05,6.897645711898804
178,pooler_plus_last8,1,0.012845861239963018,4.8514680954126215,0.5339456446167078,0.5177934561627838,0.9876651648095974,0.5227359549081172,0.0,9.999999999999999e-06,8.10311222076416
179,pooler_plus_last8,2,0.009712419452702684,4.859881540903678,0.5439756598547357,0.5185158636152447,0.987772605159648,0.5256212429035031,0.0,1.9999999999999998e-05,8.083234548568726
180,pooler_plus_last8,3,0.01417174677579157,4.912770562447035,0.5499733929182614,0.525607635547521,0.9876108626990528,0.5317701253445778,0.0,3e-05,8.097287654876709
181,pooler_plus_last8,4,0.028560159322745228,5.109729766845703,0.5587874062557605,0.5231535636673507,0.9879078245690212,0.5324173726149394,0.0,2.9361702127659574e-05,8.082308292388916
182,pooler_plus_last8,5,0.03257215878202024,4.926974058151245,0.5657921934863896,0.5365784519432261,0.9880536503144158,0.5462132717182212,0.0,2.872340425531915e-05,8.099932432174683
183,pooler_plus_last8,6,0.024720378709578463,4.935211094526144,0.5672838653889928,0.5408761863066256,0.9881707254639448,0.5497672374737832,0.0,2.8085106382978723e-05,8.103002548217773
184,pooler_plus_last8,7,0.019372949709541936,5.179379343986511,0.5544552906425142,0.5365850192232396,0.9879672110218497,0.5412421038525531,0.0,2.74468085106383e-05,8.127079486846924
185,pooler_plus_last8,8,0.01945298531774659,5.231059601673713,0.5645684809581887,0.541020109210153,0.9881173899078232,0.5491569113600712,0.0,2.6808510638297873e-05,8.096309661865234
186,pooler_plus_last8,9,0.022592633523061807,4.887731726352985,0.538795425487923,0.5484351615616371,0.9880034548996389,0.5420612509633983,0.0,2.617021276595745e-05,8.08834719657898
187,pooler_plus_last8,10,0.015248045293003986,5.241322352336003,0.5803922510093288,0.5454652854933709,0.9882236349700333,0.5574617301898152,0.0,2.5531914893617022e-05,8.127399921417236
188,pooler_plus_last8,11,0.01201761250688998,5.101478164012615,0.5740338013937938,0.5464827587756608,0.988051463701121,0.555828659423747,0.0,2.4893617021276595e-05,8.095208168029785
189,pooler_plus_last8,12,0.015853336847586233,5.060965742056187,0.5610149845898723,0.5380625901918688,0.9879188588223761,0.5448159559721023,0.0,2.4255319148936168e-05,8.109600305557251
190,pooler_plus_last8,13,0.01089159314056673,5.306902697453132,0.578332405424627,0.5462682431072712,0.9882578715210067,0.5561096082775887,0.0,2.3617021276595744e-05,8.114029169082642
191,pooler_plus_last8,14,0.010156713132305,5.193440987513616,0.5780633517065807,0.531635346105059,0.9882928930186605,0.5472986324562908,0.0,2.297872340425532e-05,8.144357919692993
192,pooler_plus_last8,15,0.011094862367758947,5.091233865572856,0.5572216000374514,0.5379559255105489,0.9883393196778653,0.5438466830488141,0.0,2.2340425531914894e-05,8.105611801147461
193,pooler_plus_last8,16,0.011359982486132517,5.12865444788566,0.56303073680405,0.5429495683351399,0.9883238966483229,0.5497512054237136,0.0,2.170212765957447e-05,8.111262321472168
194,pooler_plus_last8,17,0.007408254082245596,5.259164764330937,0.5670083278554047,0.5507625897758771,0.9883198036638754,0.5553692089743901,0.0,2.1063829787234043e-05,8.098087072372437
195,pooler_plus_last8,18,0.008734363662508801,5.3719368531153755,0.5710352852070414,0.5408771005787268,0.9882918478152438,0.5499965059458698,0.0,2.0425531914893616e-05,8.100736856460571
196,pooler_plus_last8,19,0.007190235507995052,5.4013648720887995,0.5687147028234831,0.5427800173298631,0.9884188502938622,0.5491706947044303,0.0,1.978723404255319e-05,8.109516382217407
197,pooler_plus_last8,20,0.006515542551132188,5.389369706694897,0.5613982759865259,0.5360297518493503,0.9881165166706046,0.5435289921479455,0.0,1.914893617021277e-05,8.115834474563599
198,pooler_plus_last11,1,0.006045364521106102,5.4106247287530165,0.565002882649511,0.5384255344791896,0.9882764948531003,0.5469746761032785,0.0,3.3333333333333333e-06,9.297028541564941
199,pooler_plus_last11,2,0.005450802166920211,5.435296656993719,0.567611176639094,0.5381911701529694,0.9882189648406828,0.5470144726832682,0.0,6.666666666666667e-06,9.309084177017212
200,pooler_plus_last11,3,0.005638575532022467,5.293713581103545,0.5510625462796921,0.5405141066501425,0.9881468533395121,0.5425660141446058,0.0,1e-05,9.271895408630371
201,pooler_plus_last11,4,0.006352718780402046,5.309865300471966,0.5633417274377834,0.5351611439579246,0.9882844841386105,0.5443892391843325,0.0,9.787234042553192e-06,10.260490417480469
202,pooler_plus_last11,5,0.008510645869345997,5.1951609540444155,0.5632202765545274,0.5376466207864132,0.9883808530888,0.5458708254998043,0.0,9.574468085106385e-06,9.307005405426025
203,pooler_plus_last11,6,0.008267655096325563,5.383917309916937,0.5699767811335922,0.5466219518884458,0.9882320201871264,0.5554815034992587,0.0,9.361702127659576e-06,9.284952640533447
204,pooler_plus_last11,7,0.0066758704490114595,5.3408626134579,0.5640381525486221,0.541962175241151,0.9882778035744103,0.5499327808545244,0.0,9.148936170212767e-06,9.311317682266235
205,pooler_plus_last11,8,0.006283011641827428,5.398526157324131,0.5523404372203026,0.5400111231352004,0.9881397303538633,0.5433302153003765,0.0,8.936170212765958e-06,9.28818130493164
206,pooler_plus_last11,9,0.005490805681092723,5.568794484321888,0.5496312942862484,0.5248350240062382,0.988093826097942,0.5321955931758814,0.0,8.72340425531915e-06,10.249924182891846
207,pooler_plus_last11,10,0.0056494178910911205,5.4723579952350025,0.546997985028225,0.5297845885040869,0.9882750570334127,0.5340323154848121,0.0,8.510638297872341e-06,9.292503356933594
